{"classic":{"tags":{"corporate":"Corporate","marketing":"Marketing"},"minVersion":"6.0.1","shop":false,"features":["post","page","avada_faq","fusion_form","fusion_icons","avada_layout"],"plugin_dependencies":{"woocommerce":false,"the-events-calendar":false,"contact-form-7":false,"bbpress":false,"LayerSlider":false,"revslider":false,"acf":false,"convertplug":false,"leadin":false},"new":false,"sidebars":{"faqsidebar":"FAQ Sidebar","aboutuscolumn1":"About Us Column 1","aboutuscolumn2":"About Us Column 2","aboutuscolumn3":"About Us Column 3","aboutuscolumn4":"About Us Column 4","investorscolumn1":"Investors Column 1","investorscolumn2":"Investors Column 2","investorscolumn3":"Investors Column 3"},"homeTitle":"Classic Home","previewImage":"https:\/\/updates.theme-fusion.com\/wp-content\/uploads\/2019\/08\/preview_classic.jpg","previewImageRetina":"https:\/\/updates.theme-fusion.com\/wp-content\/uploads\/2019\/08\/preview_classic.jpg","primaryColor":"#62bc78","secondaryColor":"#ffffff","tertiaryColor":"#000000","zipFile":"https:\/\/updates.theme-fusion.com\/?avada_demo=classic"},"handyman":{"tags":{"corporate":"Corporate","portfolio":"Portfolio"},"minVersion":"7.6","shop":false,"features":["post","page","avada_portfolio","avada_layout","fusion_icons","fusion_form"],"plugin_dependencies":{"woocommerce":false,"the-events-calendar":false,"contact-form-7":false,"bbpress":false,"LayerSlider":false,"revslider":false,"acf":false,"convertplug":false,"leadin":false},"new":true,"homeTitle":"Handyman Home","previewImage":"https:\/\/updates.theme-fusion.com\/wp-content\/uploads\/2021\/12\/preview_handyman.jpg","previewImageRetina":"https:\/\/updates.theme-fusion.com\/wp-content\/uploads\/2021\/12\/preview_handyman.jpg","primaryColor":"#ffb600","secondaryColor":"#ffffff","tertiaryColor":"#000000","zipFile":"https:\/\/updates.theme-fusion.com\/?avada_demo=handyman"},"extreme_sports":{"tags":{"sports":"Sports"},"minVersion":"7.5","shop":false,"features":["post","page","avada_portfolio","fusion_icons","fusion_form","avada_layout"],"plugin_dependencies":{"woocommerce":false,"the-events-calendar":false,"contact-form-7":false,"bbpress":false,"LayerSlider":false,"revslider":false,"acf":false,"convertplug":false,"leadin":false},"new":true,"homeTitle":"Extreme Sports Home","previewImage":"https:\/\/updates.theme-fusion.com\/wp-content\/uploads\/2021\/11\/preview_extreme_sports.jpg","previewImageRetina":"https:\/\/updates.theme-fusion.com\/wp-content\/uploads\/2021\/11\/preview_extreme_sports.jpg","primaryColor":"#ff9600","secondaryColor":"#0c3543","tertiaryColor":"#222222","zipFile":"https:\/\/updates.theme-fusion.com\/?avada_demo=extreme_sports"},"digital_agency":{"tags":{"shop":"Shop","portfolio":"Portfolio","corporate":"Corporate"},"minVersion":"7.4.1","shop":true,"features":["post","page","avada_portfolio","avada_layout","fusion_icons","fusion_form"],"plugin_dependencies":{"woocommerce":true,"the-events-calendar":false,"contact-form-7":false,"bbpress":false,"LayerSlider":false,"revslider":false,"acf":false,"convertplug":false,"leadin":false},"new":true,"homeTitle":"Digital Agency Home","woopages":{"woocommerce_shop_page_id":"Shop","woocommerce_cart_page_id":"Cart","woocommerce_checkout_page_id":"Checkout","woocommerce_myaccount_page_id":"My Account"},"previewImage":"https:\/\/updates.theme-fusion.com\/wp-content\/uploads\/2021\/08\/preview_avada_digial_agency.jpg","previewImageRetina":"https:\/\/updates.theme-fusion.com\/wp-content\/uploads\/2021\/08\/preview_avada_digial_agency.jpg","primaryColor":"#0057ff","secondaryColor":"#f45c20","tertiaryColor":"#ffffff","zipFile":"https:\/\/updates.theme-fusion.com\/?avada_demo=digital_agency"},"mechanic":{"tags":{"corporate":"Corporate"},"minVersion":"7.4","shop":false,"features":["post","page","avada_layout","fusion_icons","fusion_form"],"plugin_dependencies":{"woocommerce":false,"the-events-calendar":false,"contact-form-7":false,"bbpress":false,"LayerSlider":false,"revslider":false,"acf":false,"convertplug":false,"leadin":false},"new":false,"homeTitle":"Mechanic Home","previewImage":"https:\/\/updates.theme-fusion.com\/wp-content\/uploads\/2021\/06\/preview_avada_mechanic.jpg","previewImageRetina":"https:\/\/updates.theme-fusion.com\/wp-content\/uploads\/2021\/06\/preview_avada_mechanic.jpg","primaryColor":"#013cae","secondaryColor":"#ffdc4b","tertiaryColor":"#ffffff","zipFile":"https:\/\/updates.theme-fusion.com\/?avada_demo=mechanic"},"retail":{"tags":{"shop":"Shop","health-beauty":"Health &amp; Beauty"},"minVersion":"7.3","shop":true,"features":["post","page","fusion_form","avada_layout","fusion_icons"],"plugin_dependencies":{"woocommerce":true,"the-events-calendar":false,"contact-form-7":false,"bbpress":false,"LayerSlider":false,"revslider":false,"acf":false,"convertplug":false,"leadin":false},"new":false,"sidebars":{"fusion-megamenu1":"Mega Menu 1","fusion-megamenu2":"Mega Menu 2","fusion-megamenu3":"Mega Menu 3","fusion-megamenu4":"Mega Menu 4","fusion-shopsidebar":"Shop Sidebar"},"homeTitle":"Retail Home","woopages":{"woocommerce_shop_page_id":"Shop Classic - Sidebar","woocommerce_cart_page_id":"Cart","woocommerce_checkout_page_id":"Checkout","woocommerce_myaccount_page_id":"My Account"},"woo_product_attributes":[{"name":"Colors","slug":"pa_colors","type":"avada_color","order_by":"menu_order","has_archives":"0"},{"name":"Colors","slug":"pa_colors-2","type":"avada_color","order_by":"menu_order","has_archives":"0"},{"name":"Size","slug":"pa_size","type":"avada_button","order_by":"menu_order","has_archives":"0"}],"previewImage":"https:\/\/updates.theme-fusion.com\/wp-content\/uploads\/2021\/03\/retail.jpg","previewImageRetina":"https:\/\/updates.theme-fusion.com\/wp-content\/uploads\/2021\/03\/retail.jpg","primaryColor":"#0d244c","secondaryColor":"#f8f5ef","tertiaryColor":"#8aada8","zipFile":"https:\/\/updates.theme-fusion.com\/?avada_demo=retail"},"country_butcher":{"tags":{"shop":"Shop","food":"Food"},"minVersion":"7.3","shop":true,"features":["post","page","fusion_form","avada_layout","fusion_icons"],"plugin_dependencies":{"woocommerce":true,"the-events-calendar":false,"contact-form-7":false,"bbpress":false,"LayerSlider":false,"revslider":false,"acf":false,"convertplug":false,"leadin":false},"new":false,"homeTitle":"Country Butcher Home","woopages":{"woocommerce_shop_page_id":"Our Shop","woocommerce_cart_page_id":"Cart","woocommerce_checkout_page_id":"Checkout","woocommerce_myaccount_page_id":"My Account"},"previewImage":"https:\/\/updates.theme-fusion.com\/wp-content\/uploads\/2021\/03\/country-butcher-preview.jpg","previewImageRetina":"https:\/\/updates.theme-fusion.com\/wp-content\/uploads\/2021\/03\/country-butcher-preview.jpg","primaryColor":"#cec18a","secondaryColor":"#595959","tertiaryColor":"#ffffff","zipFile":"https:\/\/updates.theme-fusion.com\/?avada_demo=country_butcher"},"business_coach":{"tags":{"education":"Education","marketing":"Marketing","corporate":"Corporate"},"minVersion":"7.2.1","shop":false,"features":["page","post","avada_layout","fusion_icons","fusion_form"],"plugin_dependencies":{"woocommerce":false,"the-events-calendar":false,"contact-form-7":false,"bbpress":false,"LayerSlider":false,"revslider":false,"acf":false,"convertplug":false,"leadin":false},"new":false,"homeTitle":"Business Coach Home","previewImage":"https:\/\/updates.theme-fusion.com\/wp-content\/uploads\/2021\/03\/preview_business_coach.jpg","previewImageRetina":"https:\/\/updates.theme-fusion.com\/wp-content\/uploads\/2021\/03\/preview_business_coach.jpg","primaryColor":"#0e6ace","secondaryColor":"#00ca72","tertiaryColor":"#ffffff","zipFile":"https:\/\/updates.theme-fusion.com\/?avada_demo=business_coach"},"avada_builder":{"tags":{"corporate":"Corporate"},"minVersion":"7.2.1","shop":false,"features":["post","page","avada_layout","fusion_icons","fusion_form"],"plugin_dependencies":{"woocommerce":false,"the-events-calendar":false,"contact-form-7":false,"bbpress":false,"LayerSlider":false,"revslider":false,"acf":false,"convertplug":false,"leadin":false},"new":false,"homeTitle":"Avada Builder Home","previewImage":"https:\/\/updates.theme-fusion.com\/wp-content\/uploads\/2021\/02\/preview_avada_builder-1.jpg","previewImageRetina":"https:\/\/updates.theme-fusion.com\/wp-content\/uploads\/2021\/02\/preview_avada_builder-1.jpg","primaryColor":"#4e6d43","secondaryColor":"#000000","zipFile":"https:\/\/updates.theme-fusion.com\/?avada_demo=avada_builder"},"psychology":{"tags":{"corporate":"Corporate","health-beauty":"Health &amp; Beauty","education":"Education"},"minVersion":"7.2.1","shop":false,"features":["post","page","avada_layout","fusion_icons","fusion_form"],"plugin_dependencies":{"woocommerce":false,"the-events-calendar":false,"contact-form-7":false,"bbpress":false,"LayerSlider":false,"revslider":false,"acf":false,"convertplug":false,"leadin":true},"new":false,"homeTitle":"Psychology Home","previewImage":"https:\/\/updates.theme-fusion.com\/wp-content\/uploads\/2021\/01\/preview_psychology.jpg","previewImageRetina":"https:\/\/updates.theme-fusion.com\/wp-content\/uploads\/2021\/01\/preview_psychology.jpg","primaryColor":"#004c4c","secondaryColor":"#a66d3f","zipFile":"https:\/\/updates.theme-fusion.com\/?avada_demo=psychology"},"accountant":{"tags":{"corporate":"Corporate"},"minVersion":"7.2.1","shop":false,"features":["post","page","avada_layout","fusion_icons","fusion_form"],"plugin_dependencies":{"woocommerce":false,"the-events-calendar":false,"contact-form-7":false,"bbpress":false,"LayerSlider":false,"revslider":false,"acf":false,"convertplug":false,"leadin":false},"new":false,"homeTitle":"Accountant Home","previewImage":"https:\/\/updates.theme-fusion.com\/wp-content\/uploads\/2021\/01\/preview_accountant.jpg","previewImageRetina":"https:\/\/updates.theme-fusion.com\/wp-content\/uploads\/2021\/01\/preview_accountant.jpg","primaryColor":"#2cbc63","secondaryColor":"#023a51","tertiaryColor":"#f9fafb","zipFile":"https:\/\/updates.theme-fusion.com\/?avada_demo=accountant"},"handmade":{"tags":{"creative":"Creative","shop":"Shop"},"minVersion":"7.2","shop":true,"features":["post","page","avada_layout","fusion_icons","fusion_form"],"plugin_dependencies":{"woocommerce":true,"the-events-calendar":false,"contact-form-7":false,"bbpress":false,"LayerSlider":false,"revslider":false,"acf":false,"convertplug":false,"leadin":false},"new":false,"sidebars":{"shopsidebar":"Shop Sidebar"},"homeTitle":"Handmade Home","woopages":{"woocommerce_shop_page_id":"Shop","woocommerce_cart_page_id":"Cart","woocommerce_checkout_page_id":"Checkout","woocommerce_myaccount_page_id":"My Account"},"woo_product_attributes":[{"name":"Color","slug":"pa_color","type":"avada_color","order_by":"menu_order","has_archives":"0"},{"name":"Length","slug":"pa_length","type":"avada_button","order_by":"name_num","has_archives":"0"},{"name":"Material","slug":"pa_material","type":"avada_image","order_by":"menu_order","has_archives":"0"},{"name":"Pack","slug":"pa_pack","type":"avada_button","order_by":"menu_order","has_archives":"0"},{"name":"Size","slug":"pa_size","type":"select","order_by":"menu_order","has_archives":"0"},{"name":"Style","slug":"pa_style","type":"avada_image","order_by":"menu_order","has_archives":"0"}],"previewImage":"https:\/\/updates.theme-fusion.com\/wp-content\/uploads\/2020\/12\/preview_handmade.jpg","previewImageRetina":"https:\/\/updates.theme-fusion.com\/wp-content\/uploads\/2020\/12\/preview_handmade.jpg","primaryColor":"#bc4b20","secondaryColor":"#f7efec","tertiaryColor":"#ecf4eb","zipFile":"https:\/\/updates.theme-fusion.com\/?avada_demo=handmade"},"winery":{"tags":{"food":"Food","shop":"Shop"},"minVersion":"7.2","shop":true,"features":["post","page","avada_layout","fusion_form","fusion_icons"],"plugin_dependencies":{"woocommerce":true,"the-events-calendar":false,"contact-form-7":false,"bbpress":false,"LayerSlider":false,"revslider":false,"acf":false,"convertplug":false,"leadin":false},"new":false,"homeTitle":"Winery Home","woopages":{"woocommerce_shop_page_id":"Buy Online","woocommerce_cart_page_id":"Cart","woocommerce_checkout_page_id":"Checkout","woocommerce_myaccount_page_id":"My Account","woocommerce_terms_page_id":"Terms of Service"},"woo_product_attributes":[{"name":"Bottle #1","slug":"pa_bottle-1","type":"avada_image","order_by":"menu_order","has_archives":"0"},{"name":"Bottle #2","slug":"pa_bottle-2","type":"avada_image","order_by":"menu_order","has_archives":"0"},{"name":"Bottle #3","slug":"pa_bottle-3","type":"avada_image","order_by":"menu_order","has_archives":"0"}],"previewImage":"https:\/\/updates.theme-fusion.com\/wp-content\/uploads\/2020\/12\/preview_winery.jpg","previewImageRetina":"https:\/\/updates.theme-fusion.com\/wp-content\/uploads\/2020\/12\/preview_winery.jpg","primaryColor":"#ff6365","secondaryColor":"#7f0f41","tertiaryColor":"#45152a","zipFile":"https:\/\/updates.theme-fusion.com\/?avada_demo=winery"},"nutritionist":{"tags":{"blog-magazine":"Blog \/ Magazine","food":"Food","health-beauty":"Health &amp; Beauty","shop":"Shop"},"minVersion":"7.1.1","shop":true,"features":["post","page","avada_portfolio","avada_layout","fusion_icons","fusion_form"],"plugin_dependencies":{"woocommerce":true,"the-events-calendar":false,"contact-form-7":false,"bbpress":false,"LayerSlider":false,"revslider":false,"acf":false,"convertplug":false,"leadin":false},"new":false,"homeTitle":"Nutritionist Home","woopages":{"woocommerce_shop_page_id":"Shop","woocommerce_cart_page_id":"Cart","woocommerce_checkout_page_id":"Checkout","woocommerce_myaccount_page_id":"My account"},"previewImage":"https:\/\/updates.theme-fusion.com\/wp-content\/uploads\/2020\/11\/nutrition.jpg","previewImageRetina":"https:\/\/updates.theme-fusion.com\/wp-content\/uploads\/2020\/11\/nutrition.jpg","primaryColor":"#e61f12","secondaryColor":"#fff9f3","tertiaryColor":"#000000","zipFile":"https:\/\/updates.theme-fusion.com\/?avada_demo=nutritionist"},"festival":{"tags":{"events":"Events","portfolio":"Portfolio"},"minVersion":"7.1.1","shop":false,"features":["post","page","avada_layout","fusion_form","avada_portfolio","fusion_icons"],"plugin_dependencies":{"woocommerce":false,"the-events-calendar":true,"contact-form-7":false,"bbpress":false,"LayerSlider":false,"revslider":true,"acf":false,"convertplug":true,"leadin":false},"new":false,"homeTitle":"Festival Home","previewImage":"https:\/\/updates.theme-fusion.com\/wp-content\/uploads\/2020\/10\/festival.jpg","previewImageRetina":"https:\/\/updates.theme-fusion.com\/wp-content\/uploads\/2020\/10\/festival.jpg","primaryColor":"#ff9806","secondaryColor":"#262450","tertiaryColor":"#ffffff","zipFile":"https:\/\/updates.theme-fusion.com\/?avada_demo=festival","convertPlus":["modal_promo_wpml_-_disclaimer_cp_id_be96b.zip"],"revSliders":["festival-intro-es.zip","festival-intro-en.zip"]},"virtual_assistant":{"tags":{"education":"Education","marketing":"Marketing","creative":"Creative"},"minVersion":"7.1","shop":false,"features":["post","page","avada_faq","fusion_form","fusion_icons","avada_layout"],"plugin_dependencies":{"woocommerce":false,"the-events-calendar":false,"contact-form-7":false,"bbpress":false,"LayerSlider":false,"revslider":false,"acf":false,"convertplug":false,"leadin":true},"new":false,"homeTitle":"Virtual Assistant Home","previewImage":"https:\/\/updates.theme-fusion.com\/wp-content\/uploads\/2020\/10\/92124892-54cc2e00-edcc-11ea-8994-f15925e53b1e.jpg","previewImageRetina":"https:\/\/updates.theme-fusion.com\/wp-content\/uploads\/2020\/10\/92124892-54cc2e00-edcc-11ea-8994-f15925e53b1e.jpg","primaryColor":"#f86635","secondaryColor":"#0d1267","zipFile":"https:\/\/updates.theme-fusion.com\/?avada_demo=virtual_assistant"},"financial_advisor":{"tags":{"corporate":"Corporate","education":"Education"},"minVersion":"7.1","shop":false,"features":["post","page","fusion_form","fusion_icons","avada_layout"],"plugin_dependencies":{"woocommerce":false,"the-events-calendar":false,"contact-form-7":false,"bbpress":false,"LayerSlider":false,"revslider":false,"acf":false,"convertplug":false,"leadin":false},"new":false,"homeTitle":"Financial Advisor Home","previewImage":"https:\/\/updates.theme-fusion.com\/wp-content\/uploads\/2020\/10\/Financial_Advisor_880x660_DemoScreen_Avada.jpg","previewImageRetina":"https:\/\/updates.theme-fusion.com\/wp-content\/uploads\/2020\/10\/Financial_Advisor_880x660_DemoScreen_Avada.jpg","previewImageDetailed":"https:\/\/updates.theme-fusion.com\/wp-content\/uploads\/2020\/10\/financial_advisor_preview_detailed.jpg","primaryColor":"#554adf","secondaryColor":"#51e5a5","tertiaryColor":"#ffffff","zipFile":"https:\/\/updates.theme-fusion.com\/?avada_demo=financial_advisor"},"plumber":{"tags":{"corporate":"Corporate","portfolio":"Portfolio"},"minVersion":"7.0.2","shop":false,"features":["page","post","avada_portfolio","avada_layout","fusion_icons","fusion_form"],"plugin_dependencies":{"woocommerce":false,"the-events-calendar":false,"contact-form-7":false,"bbpress":false,"LayerSlider":false,"revslider":false,"acf":false,"convertplug":false,"leadin":false},"new":false,"homeTitle":"Plumber Home","previewImage":"https:\/\/updates.theme-fusion.com\/wp-content\/uploads\/2020\/09\/plumber_demo.jpg","previewImageRetina":"https:\/\/updates.theme-fusion.com\/wp-content\/uploads\/2020\/09\/plumber_demo.jpg","primaryColor":"#009fe3","zipFile":"https:\/\/updates.theme-fusion.com\/?avada_demo=plumber"},"marketing_consultant":{"tags":{"corporate":"Corporate","education":"Education","marketing":"Marketing","portfolio":"Portfolio"},"minVersion":"7.0.2","shop":false,"features":["post","page","avada_portfolio","avada_faq","avada_layout","fusion_icons","fusion_form"],"plugin_dependencies":{"woocommerce":false,"the-events-calendar":false,"contact-form-7":false,"bbpress":false,"LayerSlider":false,"revslider":false,"acf":false,"convertplug":false,"leadin":true},"new":false,"sidebars":{"fusion-service1":"Service 1","fusion-service2":"Service 2","fusion-service3":"Service 3"},"homeTitle":"Marketing Consultant Home","previewImage":"https:\/\/updates.theme-fusion.com\/wp-content\/uploads\/2020\/08\/demo-marketing-consultant.jpg","previewImageRetina":"https:\/\/updates.theme-fusion.com\/wp-content\/uploads\/2020\/08\/demo-marketing-consultant.jpg","previewImageDetailed":"https:\/\/updates.theme-fusion.com\/wp-content\/uploads\/2020\/08\/detailed_preview.jpg","primaryColor":"#f86011","zipFile":"https:\/\/updates.theme-fusion.com\/?avada_demo=marketing_consultant"},"pet_supplies":{"tags":{"shop":"Shop","corporate":"Corporate"},"minVersion":"7.0","shop":true,"features":["post","page","avada_layout","fusion_icons","fusion_form"],"plugin_dependencies":{"woocommerce":true,"the-events-calendar":false,"contact-form-7":false,"bbpress":false,"LayerSlider":false,"revslider":false,"acf":false,"convertplug":false,"leadin":false},"new":false,"sidebars":{"shopsidebar_1":"Shop Sidebar","megamenu_1":"Mega Menu 1","megamenu_2":"Mega Menu 2","megamenu_3":"Mega Menu 3","shopsidebar_2":"Shop Sidebar #2"},"homeTitle":"Pet Supplies Home","woopages":{"woocommerce_shop_page_id":"Shop single sidebar","woocommerce_cart_page_id":"Cart","woocommerce_checkout_page_id":"Checkout","woocommerce_myaccount_page_id":"My account"},"previewImage":"https:\/\/updates.theme-fusion.com\/wp-content\/uploads\/2020\/07\/demo-pet-supplies.jpg","previewImageRetina":"https:\/\/updates.theme-fusion.com\/wp-content\/uploads\/2020\/07\/demo-pet-supplies.jpg","primaryColor":"#1e3120","secondaryColor":"#3d6f42","tertiaryColor":"#f8f5f2","zipFile":"https:\/\/updates.theme-fusion.com\/?avada_demo=pet_supplies"},"online_tutor":{"tags":{"education":"Education","shop":"Shop","events":"Events"},"minVersion":"6.2.3","shop":true,"features":["post","page","avada_layout","fusion_icons","fusion_form"],"plugin_dependencies":{"woocommerce":true,"the-events-calendar":true,"contact-form-7":false,"bbpress":false,"LayerSlider":false,"revslider":false,"acf":false,"convertplug":false,"leadin":false},"new":false,"sidebars":{"Mega Menu 1":"Mega Menu 1","megamenu2":"Mega Menu 2","megamenu3":"Mega Menu 3"},"homeTitle":"Online Tutor Home","woopages":{"woocommerce_cart_page_id":"Cart","woocommerce_checkout_page_id":"Checkout","woocommerce_myaccount_page_id":"My Account"},"previewImage":"https:\/\/updates.theme-fusion.com\/wp-content\/uploads\/2020\/05\/online-tutor.jpg","previewImageRetina":"https:\/\/updates.theme-fusion.com\/wp-content\/uploads\/2020\/05\/online-tutor.jpg","primaryColor":"#dd5f56","secondaryColor":"#336e6a","tertiaryColor":"#def0ee","zipFile":"https:\/\/updates.theme-fusion.com\/?avada_demo=online_tutor"},"videographer":{"tags":{"creative":"Creative","portfolio":"Portfolio"},"minVersion":"6.2.3","shop":false,"features":["post","page","avada_portfolio","avada_layout","fusion_icons","fusion_form"],"plugin_dependencies":{"woocommerce":false,"the-events-calendar":false,"contact-form-7":false,"bbpress":false,"LayerSlider":false,"revslider":false,"acf":false,"convertplug":false,"leadin":false},"new":false,"homeTitle":"Videographer Home","previewImage":"https:\/\/updates.theme-fusion.com\/wp-content\/uploads\/2020\/05\/videographer-1.jpg","previewImageRetina":"https:\/\/updates.theme-fusion.com\/wp-content\/uploads\/2020\/05\/videographer-1.jpg","primaryColor":"#ff7e00","secondaryColor":"#000000","tertiaryColor":"#ffffff","zipFile":"https:\/\/updates.theme-fusion.com\/?avada_demo=videographer"},"cleaning_services":{"tags":{"one-page":"One Page","corporate":"Corporate"},"minVersion":"6.2.2","shop":false,"features":["page","fusion_icons","fusion_form","avada_layout"],"plugin_dependencies":{"woocommerce":false,"the-events-calendar":false,"contact-form-7":false,"bbpress":false,"LayerSlider":false,"revslider":false,"acf":false,"convertplug":false,"leadin":false},"new":false,"homeTitle":"Cleaning Services Home","previewImage":"https:\/\/updates.theme-fusion.com\/wp-content\/uploads\/2020\/04\/cleaning_services.jpg","previewImageRetina":"https:\/\/updates.theme-fusion.com\/wp-content\/uploads\/2020\/04\/cleaning_services.jpg","primaryColor":"#0a9695","secondaryColor":"#112034","tertiaryColor":"#ffffff","zipFile":"https:\/\/updates.theme-fusion.com\/?avada_demo=cleaning_services"},"takeout":{"tags":{"food":"Food","shop":"Shop"},"minVersion":"6.2.2","shop":true,"features":["page","post","fusion_icons","avada_layout","fusion_form"],"plugin_dependencies":{"woocommerce":true,"the-events-calendar":false,"contact-form-7":false,"bbpress":false,"LayerSlider":false,"revslider":false,"acf":false,"convertplug":false,"leadin":false},"new":false,"homeTitle":"Takeout Home","woopages":{"woocommerce_cart_page_id":"Cart","woocommerce_checkout_page_id":"Checkout","woocommerce_myaccount_page_id":"My Account","woocommerce_terms_page_id":"Terms Of Service"},"previewImage":"https:\/\/updates.theme-fusion.com\/wp-content\/uploads\/2020\/04\/demo-takeout.jpg","previewImageRetina":"https:\/\/updates.theme-fusion.com\/wp-content\/uploads\/2020\/04\/demo-takeout.jpg","primaryColor":"#ce1a26","secondaryColor":"#fcdc31","tertiaryColor":"#594b02","zipFile":"https:\/\/updates.theme-fusion.com\/?avada_demo=takeout"},"interior_design":{"tags":{"corporate":"Corporate","creative":"Creative","portfolio":"Portfolio","shop":"Shop"},"minVersion":"6.2.2","shop":true,"features":["page","post","avada_portfolio","avada_layout","fusion_icons","fusion_form"],"plugin_dependencies":{"woocommerce":true,"the-events-calendar":false,"contact-form-7":false,"bbpress":false,"LayerSlider":false,"revslider":false,"acf":false,"convertplug":false,"leadin":false},"new":false,"sidebars":{"fusion-shopsidebar":"Shop Sidebar","fusion-megamenu1":"Mega Menu 1","fusion-megamenu2":"Mega Menu 2","fusion-megamenu3":"Mega Menu 3","fusion-megamenu4":"Mega Menu 4"},"homeTitle":"Interior Design Home","woopages":{"woocommerce_shop_page_id":"Shop with Sidebar","woocommerce_cart_page_id":"Shopping Cart","woocommerce_checkout_page_id":"Checkout","woocommerce_myaccount_page_id":"My Account"},"previewImage":"https:\/\/updates.theme-fusion.com\/wp-content\/uploads\/2020\/04\/demo-interior-design.jpg","previewImageRetina":"https:\/\/updates.theme-fusion.com\/wp-content\/uploads\/2020\/04\/demo-interior-design.jpg","primaryColor":"#181b20","secondaryColor":"#caa975","tertiaryColor":"#fafafa","zipFile":"https:\/\/updates.theme-fusion.com\/?avada_demo=interior_design"},"fitness":{"tags":{"health-beauty":"Health &amp; Beauty","sports":"Sports","portfolio":"Portfolio","shop":"Shop"},"minVersion":"6.2.2","shop":true,"features":["page","post","avada_portfolio","avada_layout","fusion_icons","fusion_form"],"plugin_dependencies":{"woocommerce":true,"the-events-calendar":false,"contact-form-7":false,"bbpress":false,"LayerSlider":false,"revslider":true,"acf":false,"convertplug":false,"leadin":false},"new":false,"homeTitle":"Fitness Home","woopages":{"woocommerce_shop_page_id":"Our products","woocommerce_cart_page_id":"Cart","woocommerce_checkout_page_id":"Checkout","woocommerce_myaccount_page_id":"My account"},"previewImage":"https:\/\/updates.theme-fusion.com\/wp-content\/uploads\/2020\/03\/fitness_thumbnail.jpg","previewImageRetina":"https:\/\/updates.theme-fusion.com\/wp-content\/uploads\/2020\/03\/fitness_thumbnail.jpg","primaryColor":"#4154ff","secondaryColor":"#060607","tertiaryColor":"#ff414b","zipFile":"https:\/\/updates.theme-fusion.com\/?avada_demo=fitness","revSliders":["slider-1.zip"]},"author":{"tags":{"creative":"Creative","portfolio":"Portfolio","shop":"Shop"},"minVersion":"6.2.1","shop":true,"features":["post","fusion_icons","page","avada_portfolio","fusion_form"],"plugin_dependencies":{"woocommerce":true,"the-events-calendar":false,"contact-form-7":false,"bbpress":false,"LayerSlider":false,"revslider":true,"acf":false,"convertplug":false,"leadin":false},"new":false,"homeTitle":"Author Home","woopages":{"woocommerce_shop_page_id":"Shop","woocommerce_cart_page_id":"Cart","woocommerce_checkout_page_id":"Checkout","woocommerce_myaccount_page_id":"https:\/\/i.imgur.com\/KM4YanI.png"},"previewImage":"https:\/\/updates.theme-fusion.com\/wp-content\/uploads\/2020\/03\/author_thumbnail.jpg","previewImageRetina":"https:\/\/updates.theme-fusion.com\/wp-content\/uploads\/2020\/03\/author_thumbnail.jpg","primaryColor":"#f4b429","secondaryColor":"#49a987","tertiaryColor":"#fef7e9","zipFile":"https:\/\/updates.theme-fusion.com\/?avada_demo=author","revSliders":["avada-author-hero-1.zip"]},"restaurant":{"tags":{"corporate":"Corporate","food":"Food","shop":"Shop"},"minVersion":"6.2","shop":true,"features":["post","page","avada_layout","fusion_icons","avada_portfolio","fusion_form"],"plugin_dependencies":{"woocommerce":true,"the-events-calendar":false,"contact-form-7":false,"bbpress":false,"LayerSlider":false,"revslider":false,"acf":false,"convertplug":false,"leadin":false},"new":false,"sidebars":{"Hors D'oeuvres - Mega Menu":"Hors D'oeuvres - Mega Menu","Main Course - Mega Menu":"Main Course - Mega Menu","Desserts - Mega Menu":"Desserts - Mega Menu","Cocktails - Mega Menu":"Cocktails - Mega Menu"},"homeTitle":"Restaurant Home","woopages":{"woocommerce_shop_page_id":"Takeout","woocommerce_cart_page_id":"Cart","woocommerce_checkout_page_id":"Checkout","woocommerce_myaccount_page_id":"My Account"},"previewImage":"https:\/\/updates.theme-fusion.com\/wp-content\/uploads\/2020\/02\/restaurant-demo.jpg","previewImageRetina":"https:\/\/updates.theme-fusion.com\/wp-content\/uploads\/2020\/02\/restaurant-demo.jpg","primaryColor":"#030303","secondaryColor":"#d6d6d6","tertiaryColor":"#ffffff","zipFile":"https:\/\/updates.theme-fusion.com\/?avada_demo=restaurant"},"taxi":{"tags":{"corporate":"Corporate","travel":"Travel"},"minVersion":"6.2","shop":false,"features":["post","page","fusion_icons","avada_layout","fusion_form"],"plugin_dependencies":{"woocommerce":false,"the-events-calendar":false,"contact-form-7":false,"bbpress":false,"LayerSlider":false,"revslider":false,"acf":false,"convertplug":false,"leadin":false},"new":false,"homeTitle":"Taxi Home","previewImage":"https:\/\/updates.theme-fusion.com\/wp-content\/uploads\/2020\/02\/taxi_demo.jpg","previewImageRetina":"https:\/\/updates.theme-fusion.com\/wp-content\/uploads\/2020\/02\/taxi_demo.jpg","primaryColor":"#feba12","secondaryColor":"#000000","tertiaryColor":"#ff9800","zipFile":"https:\/\/updates.theme-fusion.com\/?avada_demo=taxi"},"landscaper":{"tags":{"corporate":"Corporate"},"minVersion":"6.1.2","shop":false,"features":["post","page","fusion_form","fusion_icons","avada_layout"],"plugin_dependencies":{"woocommerce":false,"the-events-calendar":false,"contact-form-7":false,"bbpress":false,"LayerSlider":false,"revslider":false,"acf":false,"convertplug":false,"leadin":false},"new":false,"homeTitle":"Landscaper Home","previewImage":"https:\/\/updates.theme-fusion.com\/wp-content\/uploads\/2020\/01\/demo_landscaper.jpg","previewImageRetina":"https:\/\/updates.theme-fusion.com\/wp-content\/uploads\/2020\/01\/demo_landscaper.jpg","primaryColor":"#2b707d","secondaryColor":"#d6d6d6","tertiaryColor":"#f3d2a7","zipFile":"https:\/\/updates.theme-fusion.com\/?avada_demo=landscaper"},"esports":{"tags":{"bbpress":"bbPress","sports":"Sports","shop":"Shop","events":"Events"},"minVersion":"6.1.2","shop":true,"features":["post","page","fusion_form","avada_layout","fusion_icons"],"plugin_dependencies":{"woocommerce":true,"the-events-calendar":true,"contact-form-7":false,"bbpress":true,"LayerSlider":false,"revslider":true,"acf":false,"convertplug":false,"leadin":false},"new":false,"sidebars":{"fusion_forumsidebar":"Forum Sidebar","fusion_about_organisation_megamenu":"About Organisation - Mega Menu","fusion_sponsors_megamenu":"Sponsors - Mega Menu","fusion_achievements_menu":"Achievements - Menu","fusion_partners_megamenu":"Partners - Mega Menu"},"homeTitle":"eSports Home","woopages":{"woocommerce_shop_page_id":"Shop","woocommerce_cart_page_id":"Cart","woocommerce_checkout_page_id":"Checkout","woocommerce_myaccount_page_id":"My Account"},"previewImage":"https:\/\/updates.theme-fusion.com\/wp-content\/uploads\/2019\/12\/esports_demo-1.jpg","previewImageRetina":"https:\/\/updates.theme-fusion.com\/wp-content\/uploads\/2019\/12\/esports_demo-1.jpg","primaryColor":"#e83630","secondaryColor":"#ffffff","tertiaryColor":"#000000","zipFile":"https:\/\/updates.theme-fusion.com\/?avada_demo=esports","revSliders":["slider-1.zip"]},"bakery":{"tags":{"shop":"Shop","food":"Food"},"minVersion":"6.1.2","shop":true,"features":["post","page","fusion_form","avada_layout","fusion_icons"],"plugin_dependencies":{"woocommerce":true,"the-events-calendar":false,"contact-form-7":false,"bbpress":false,"LayerSlider":false,"revslider":false,"acf":false,"convertplug":false,"leadin":false},"new":false,"homeTitle":"Bakery Home","woopages":{"woocommerce_shop_page_id":"Shop","woocommerce_cart_page_id":"Shopping Cart","woocommerce_checkout_page_id":"Checkout","woocommerce_myaccount_page_id":"My Account"},"previewImage":"https:\/\/updates.theme-fusion.com\/wp-content\/uploads\/2019\/12\/bakery_demo.jpg","previewImageRetina":"https:\/\/updates.theme-fusion.com\/wp-content\/uploads\/2019\/12\/bakery_demo.jpg","primaryColor":"#55328b","secondaryColor":"#f9f1f2","tertiaryColor":"#f0edf5","zipFile":"https:\/\/updates.theme-fusion.com\/?avada_demo=bakery"},"yoga":{"tags":{"events":"Events","sports":"Sports","health-beauty":"Health &amp; Beauty"},"minVersion":"6.1.1","shop":false,"features":["post","page","fusion_form","avada_layout","fusion_icons"],"plugin_dependencies":{"woocommerce":false,"the-events-calendar":true,"contact-form-7":false,"bbpress":false,"LayerSlider":false,"revslider":false,"acf":false,"convertplug":false,"leadin":false},"new":false,"homeTitle":"Yoga Home","previewImage":"https:\/\/updates.theme-fusion.com\/wp-content\/uploads\/2019\/11\/yoga_demo.jpg","previewImageRetina":"https:\/\/updates.theme-fusion.com\/wp-content\/uploads\/2019\/11\/yoga_demo.jpg","primaryColor":"#ad1f5f","secondaryColor":"#d8a174","tertiaryColor":"#a794a4","zipFile":"https:\/\/updates.theme-fusion.com\/?avada_demo=yoga"},"splash":{"tags":{"coming-soon":"Coming Soon","one-page":"One Page"},"minVersion":"6.1","shop":false,"features":["page","fusion_form","avada_layout","fusion_icons"],"plugin_dependencies":{"woocommerce":false,"the-events-calendar":false,"contact-form-7":false,"bbpress":false,"LayerSlider":false,"revslider":false,"acf":false,"convertplug":false,"leadin":false},"new":false,"homeTitle":"Splash Home","previewImage":"https:\/\/updates.theme-fusion.com\/wp-content\/uploads\/2019\/10\/splash_demo.jpg","previewImageRetina":"https:\/\/updates.theme-fusion.com\/wp-content\/uploads\/2019\/10\/splash_demo.jpg","primaryColor":"#bf945b","secondaryColor":"#ffffff","tertiaryColor":"#000000","zipFile":"https:\/\/updates.theme-fusion.com\/?avada_demo=splash"},"influencer":{"tags":{"blog-magazine":"Blog \/ Magazine","portfolio":"Portfolio","shop":"Shop","creative":"Creative"},"minVersion":"6.1","shop":true,"features":["post","page","avada_portfolio","fusion_form","avada_layout","fusion_icons"],"plugin_dependencies":{"woocommerce":true,"the-events-calendar":false,"contact-form-7":false,"bbpress":false,"LayerSlider":false,"revslider":true,"acf":false,"convertplug":false,"leadin":false},"new":false,"sidebars":{"fusion-storewithsidebar":"Store With Sidebar","fusion-youtubetemplate":"Youtube Template"},"homeTitle":"Influencer Home","woopages":{"woocommerce_shop_page_id":"Store With Sidebar","woocommerce_cart_page_id":"Shopping Cart","woocommerce_checkout_page_id":"Checkout","woocommerce_myaccount_page_id":"My Account"},"previewImage":"https:\/\/updates.theme-fusion.com\/wp-content\/uploads\/2019\/10\/influencer_thumbnail.jpg","previewImageRetina":"https:\/\/updates.theme-fusion.com\/wp-content\/uploads\/2019\/10\/influencer_thumbnail.jpg","primaryColor":"#ff3501","secondaryColor":"#eae1e4","tertiaryColor":"#44405a","zipFile":"https:\/\/updates.theme-fusion.com\/?avada_demo=influencer","revSliders":["influencer-hero-1.zip","influencer-hero.zip"]},"podcasts":{"tags":{"blog-magazine":"Blog \/ Magazine","portfolio":"Portfolio","creative":"Creative"},"minVersion":"6.1","shop":false,"features":["post","page","fusion_form","avada_layout","fusion_icons"],"plugin_dependencies":{"woocommerce":false,"the-events-calendar":false,"contact-form-7":false,"bbpress":false,"LayerSlider":false,"revslider":false,"acf":false,"convertplug":false,"leadin":false},"new":false,"sidebars":{"fusion-homepagesearch":"Homepage Search","fusion-blogsearch":"Blog Search"},"homeTitle":"Podcasts Home","previewImage":"https:\/\/updates.theme-fusion.com\/wp-content\/uploads\/2019\/10\/podcasts_thumbnail.jpg","previewImageRetina":"https:\/\/updates.theme-fusion.com\/wp-content\/uploads\/2019\/10\/podcasts_thumbnail.jpg","primaryColor":"#b06cf4","secondaryColor":"#03a9f4","tertiaryColor":"#327ae7","zipFile":"https:\/\/updates.theme-fusion.com\/?avada_demo=podcasts"},"food":{"tags":{"blog-magazine":"Blog \/ Magazine","food":"Food"},"minVersion":"6.0.3","shop":false,"features":["page","post","avada_portfolio","fusion_form","avada_layout","fusion_icons"],"plugin_dependencies":{"woocommerce":false,"the-events-calendar":false,"contact-form-7":false,"bbpress":false,"LayerSlider":false,"revslider":false,"acf":false,"convertplug":false,"leadin":false},"new":false,"sidebars":{"home_sidebar":"Home Sidebar"},"homeTitle":"Food Home","previewImage":"https:\/\/updates.theme-fusion.com\/wp-content\/uploads\/2019\/09\/demo_food.png","previewImageRetina":"https:\/\/updates.theme-fusion.com\/wp-content\/uploads\/2019\/09\/demo_food.png","primaryColor":"#fc7523","secondaryColor":"#f5f5f1","tertiaryColor":"#ee5827","zipFile":"https:\/\/updates.theme-fusion.com\/?avada_demo=food","convertPlus":["modal_subscribe_widget_cp_id_8d785.zip","modal_subscribe_mailing_list_cp_id_9879e.zip","info_bar_recipes_bar_cp_id_8e9a2.zip","slide_in_download_e-book_-_posts_cp_id_be6ec.zip"],"revSliders":["hero-slide2-1-1.zip"]},"nightclub":{"tags":{"creative":"Creative","events":"Events"},"minVersion":"6.0.2","shop":false,"features":["page","post","fusion_form","avada_layout","fusion_icons"],"plugin_dependencies":{"woocommerce":false,"the-events-calendar":true,"contact-form-7":false,"bbpress":false,"LayerSlider":false,"revslider":false,"acf":false,"convertplug":false,"leadin":false},"new":false,"homeTitle":"Nightclub Homepage","previewImage":"https:\/\/updates.theme-fusion.com\/wp-content\/uploads\/2019\/08\/demo_nightclub.jpg","previewImageRetina":"https:\/\/updates.theme-fusion.com\/wp-content\/uploads\/2019\/08\/demo_nightclub.jpg","primaryColor":"#f63c81","secondaryColor":"#46b1fd","tertiaryColor":"#ffffff","zipFile":"https:\/\/updates.theme-fusion.com\/?avada_demo=nightclub"},"galerie":{"tags":{"creative":"Creative"},"minVersion":"5.9","shop":false,"features":["post","page","avada_portfolio","fusion_form","avada_layout","fusion_icons"],"plugin_dependencies":{"woocommerce":false,"the-events-calendar":false,"contact-form-7":false,"bbpress":false,"LayerSlider":false,"revslider":true,"acf":false,"convertplug":false,"leadin":false},"new":false,"sidebars":{"Artist Menu":"Artist Menu"},"homeTitle":"Galerie Home","previewImage":"https:\/\/updates.theme-fusion.com\/wp-content\/uploads\/2019\/03\/galerie_preview.jpg","previewImageRetina":"https:\/\/updates.theme-fusion.com\/wp-content\/uploads\/2019\/03\/galerie_preview.jpg","primaryColor":"#181818","secondaryColor":"#ffffff","tertiaryColor":"#000000","zipFile":"https:\/\/updates.theme-fusion.com\/?avada_demo=galerie","revSliders":["galerie-home.zip","feat-artworks.zip"]},"driving":{"tags":{"corporate":"Corporate"},"minVersion":"5.9","shop":false,"features":["post","page","fusion_form","avada_layout","fusion_icons"],"plugin_dependencies":{"woocommerce":false,"the-events-calendar":false,"contact-form-7":false,"bbpress":false,"LayerSlider":false,"revslider":false,"acf":false,"convertplug":false,"leadin":false},"new":false,"homeTitle":"Driving Home","previewImage":"https:\/\/updates.theme-fusion.com\/wp-content\/uploads\/2019\/03\/driving_preview.jpg","previewImageRetina":"https:\/\/updates.theme-fusion.com\/wp-content\/uploads\/2019\/03\/driving_preview.jpg","primaryColor":"#7abc64","secondaryColor":"#929aa3","tertiaryColor":"#ffffff","zipFile":"https:\/\/updates.theme-fusion.com\/?avada_demo=driving"},"barber_shop":{"tags":{"health-beauty":"Health &amp; Beauty","shop":"Shop"},"minVersion":"5.8","shop":true,"features":["post","page","fusion_form","avada_layout","fusion_icons"],"plugin_dependencies":{"woocommerce":true,"the-events-calendar":false,"contact-form-7":false,"bbpress":false,"LayerSlider":false,"revslider":false,"acf":false,"convertplug":false,"leadin":false},"new":false,"homeTitle":"Barber Shop Home","woopages":{"woocommerce_shop_page_id":"Shop","woocommerce_cart_page_id":"Cart","woocommerce_checkout_page_id":"Checkout","woocommerce_myaccount_page_id":"My Account"},"previewImage":"https:\/\/updates.theme-fusion.com\/wp-content\/uploads\/2019\/01\/barber_shop.jpg","previewImageRetina":"https:\/\/updates.theme-fusion.com\/wp-content\/uploads\/2019\/01\/barber_shop.jpg","primaryColor":"#be9359","secondaryColor":"#686868","tertiaryColor":"#000000","zipFile":"https:\/\/updates.theme-fusion.com\/?avada_demo=barber_shop"},"cryptocurrency":{"tags":{"corporate":"Corporate"},"minVersion":"5.8","shop":false,"features":["post","page","avada_faq","fusion_form","avada_layout","fusion_icons"],"plugin_dependencies":{"woocommerce":false,"the-events-calendar":false,"contact-form-7":false,"bbpress":false,"LayerSlider":false,"revslider":false,"acf":false,"convertplug":false,"leadin":false},"new":false,"homeTitle":"Cryptocurrency Home","previewImage":"https:\/\/updates.theme-fusion.com\/wp-content\/uploads\/2019\/01\/cryptocurrency.jpg","previewImageRetina":"https:\/\/updates.theme-fusion.com\/wp-content\/uploads\/2019\/01\/cryptocurrency.jpg","primaryColor":"#4d39e9","secondaryColor":"#ffffff","tertiaryColor":"#000000","zipFile":"https:\/\/updates.theme-fusion.com\/?avada_demo=cryptocurrency"},"seo":{"tags":{"corporate":"Corporate","education":"Education"},"minVersion":"5.6","shop":false,"features":["page","post","avada_portfolio","fusion_form","avada_layout","fusion_icons"],"plugin_dependencies":{"woocommerce":false,"the-events-calendar":false,"contact-form-7":false,"bbpress":false,"LayerSlider":false,"revslider":true,"acf":false,"convertplug":false,"leadin":false},"new":false,"homeTitle":"Seo Home","previewImage":"https:\/\/updates.theme-fusion.com\/wp-content\/uploads\/2018\/07\/seo_thumbnail.jpg","previewImageRetina":"https:\/\/updates.theme-fusion.com\/wp-content\/uploads\/2018\/07\/seo_thumbnail.jpg","primaryColor":"#ffa737","secondaryColor":"#607afe","tertiaryColor":"#000000","zipFile":"https:\/\/updates.theme-fusion.com\/?avada_demo=seo","revSliders":["avada-seo-hero-1.zip"]},"spa":{"tags":{"health-beauty":"Health &amp; Beauty"},"minVersion":"5.6","shop":false,"features":["page","post","avada_portfolio","fusion_form","avada_layout","fusion_icons"],"plugin_dependencies":{"woocommerce":false,"the-events-calendar":false,"contact-form-7":false,"bbpress":false,"LayerSlider":false,"revslider":false,"acf":false,"convertplug":false,"leadin":false},"new":false,"homeTitle":"Spa Home","previewImage":"https:\/\/updates.theme-fusion.com\/wp-content\/uploads\/2018\/07\/spa_thumbnail.jpg","previewImageRetina":"https:\/\/updates.theme-fusion.com\/wp-content\/uploads\/2018\/07\/spa_thumbnail.jpg","primaryColor":"#33a7b9","secondaryColor":"#b9afa1","tertiaryColor":"#6f727b","zipFile":"https:\/\/updates.theme-fusion.com\/?avada_demo=spa"},"sports":{"tags":{"sports":"Sports","corporate":"Corporate"},"minVersion":"5.6","shop":false,"features":["page","post","avada_portfolio","fusion_form","avada_layout","fusion_icons"],"plugin_dependencies":{"woocommerce":false,"the-events-calendar":false,"contact-form-7":false,"bbpress":false,"LayerSlider":false,"revslider":false,"acf":false,"convertplug":false,"leadin":false},"new":false,"sidebars":{"singlepostright":"Single Post Right","singlepostleft":"Single Post Left"},"homeTitle":"Sports Home","previewImage":"https:\/\/updates.theme-fusion.com\/wp-content\/uploads\/2018\/07\/sports_thumbnail.jpg","previewImageRetina":"https:\/\/updates.theme-fusion.com\/wp-content\/uploads\/2018\/07\/sports_thumbnail.jpg","primaryColor":"#4ad575","secondaryColor":"#747474","tertiaryColor":"#ffffff","zipFile":"https:\/\/updates.theme-fusion.com\/?avada_demo=sports"},"movers":{"tags":{"corporate":"Corporate"},"minVersion":"5.6","shop":false,"features":["page","post","fusion_form","avada_layout","fusion_icons"],"plugin_dependencies":{"woocommerce":false,"the-events-calendar":false,"contact-form-7":false,"bbpress":false,"LayerSlider":false,"revslider":false,"acf":false,"convertplug":false,"leadin":false},"new":false,"homeTitle":"Movers Home","previewImage":"https:\/\/updates.theme-fusion.com\/wp-content\/uploads\/2018\/07\/movers_thumbnail.jpg","previewImageRetina":"https:\/\/updates.theme-fusion.com\/wp-content\/uploads\/2018\/07\/movers_thumbnail.jpg","primaryColor":"#6abf16","secondaryColor":"#1675bf","tertiaryColor":"#000000","zipFile":"https:\/\/updates.theme-fusion.com\/?avada_demo=movers"},"salon":{"tags":{"one-page":"One Page","health-beauty":"Health &amp; Beauty"},"minVersion":"5.5","shop":false,"features":["page","fusion_form","avada_layout","fusion_icons"],"plugin_dependencies":{"woocommerce":false,"the-events-calendar":false,"contact-form-7":false,"bbpress":false,"LayerSlider":false,"revslider":true,"acf":false,"convertplug":false,"leadin":false},"new":false,"homeTitle":"Salon Home","previewImage":"https:\/\/updates.theme-fusion.com\/wp-content\/uploads\/2018\/04\/salon_thumbnail.jpg","previewImageRetina":"https:\/\/updates.theme-fusion.com\/wp-content\/uploads\/2018\/04\/salon_thumbnail.jpg","primaryColor":"#d1b4a0","secondaryColor":"#f1345d","tertiaryColor":"#494949","zipFile":"https:\/\/updates.theme-fusion.com\/?avada_demo=salon","revSliders":["small-featured-posts.zip","homepage-final.zip"]},"beer":{"tags":{"food":"Food","events":"Events"},"minVersion":"5.5","shop":false,"features":["page","post","fusion_form","avada_layout","fusion_icons"],"plugin_dependencies":{"woocommerce":false,"the-events-calendar":true,"contact-form-7":false,"bbpress":false,"LayerSlider":false,"revslider":true,"acf":false,"convertplug":false,"leadin":false},"new":false,"homeTitle":"Beer Home","previewImage":"https:\/\/updates.theme-fusion.com\/wp-content\/uploads\/2018\/04\/beer_thumbnail.jpg","previewImageRetina":"https:\/\/updates.theme-fusion.com\/wp-content\/uploads\/2018\/04\/beer_thumbnail.jpg","primaryColor":"#917852","secondaryColor":"#747474","tertiaryColor":"#ffffff","zipFile":"https:\/\/updates.theme-fusion.com\/?avada_demo=beer","revSliders":["ingredients-slides.zip","homepage.zip"]},"electrician":{"tags":{"corporate":"Corporate"},"minVersion":"5.5","shop":false,"features":["post","page","avada_portfolio","fusion_form","avada_layout","fusion_icons"],"plugin_dependencies":{"woocommerce":false,"the-events-calendar":false,"contact-form-7":false,"bbpress":false,"LayerSlider":false,"revslider":true,"acf":false,"convertplug":false,"leadin":false},"new":false,"homeTitle":"Electrician Home","previewImage":"https:\/\/updates.theme-fusion.com\/wp-content\/uploads\/2018\/04\/electrician_thumbnail.jpg","previewImageRetina":"https:\/\/updates.theme-fusion.com\/wp-content\/uploads\/2018\/04\/electrician_thumbnail.jpg","primaryColor":"#ffaa06","secondaryColor":"#333645","tertiaryColor":"#ffffff","zipFile":"https:\/\/updates.theme-fusion.com\/?avada_demo=electrician","revSliders":["home-3.zip"]},"promote":{"tags":{"creative":"Creative","education":"Education"},"minVersion":"5.4","shop":false,"features":["page","post","fusion_form","avada_layout","fusion_icons"],"plugin_dependencies":{"woocommerce":false,"the-events-calendar":false,"contact-form-7":false,"bbpress":false,"LayerSlider":false,"revslider":true,"acf":false,"convertplug":false,"leadin":false},"new":false,"homeTitle":"Promote Home","previewImage":"https:\/\/updates.theme-fusion.com\/wp-content\/uploads\/2017\/12\/promote_thumbnail.jpg","previewImageRetina":"https:\/\/updates.theme-fusion.com\/wp-content\/uploads\/2017\/12\/promote_thumbnail.jpg","primaryColor":"#2f576f","secondaryColor":"#92c4d5","tertiaryColor":"#000000","zipFile":"https:\/\/updates.theme-fusion.com\/?avada_demo=promote","revSliders":["contact-1.zip","features-1.zip","home-slider-2.zip","trending-2.zip","upgrade-1.zip"]},"adventure":{"tags":{"one-page":"One Page","portfolio":"Portfolio","travel":"Travel"},"minVersion":"5.4","shop":false,"features":["page","fusion_form","avada_layout","fusion_icons"],"plugin_dependencies":{"woocommerce":false,"the-events-calendar":false,"contact-form-7":false,"bbpress":false,"LayerSlider":true,"revslider":false,"acf":false,"convertplug":false,"leadin":false},"new":false,"homeTitle":"Adventure Home","previewImage":"https:\/\/updates.theme-fusion.com\/wp-content\/uploads\/2017\/12\/adventure_thumbnail.jpg","previewImageRetina":"https:\/\/updates.theme-fusion.com\/wp-content\/uploads\/2017\/12\/adventure_thumbnail.jpg","primaryColor":"#5889bd","secondaryColor":"#ffffff","tertiaryColor":"#000000","zipFile":"https:\/\/updates.theme-fusion.com\/?avada_demo=adventure","layerSliders":["LayerSlider_Export_2018-01-02_at_10.36.58.zip"]},"launch":{"tags":{"coming-soon":"Coming Soon","one-page":"One Page"},"minVersion":"5.4","shop":false,"features":["page","fusion_form","avada_layout","fusion_icons"],"plugin_dependencies":{"woocommerce":false,"the-events-calendar":false,"contact-form-7":false,"bbpress":false,"LayerSlider":false,"revslider":false,"acf":false,"convertplug":false,"leadin":false},"new":false,"homeTitle":"Launch Home","previewImage":"https:\/\/updates.theme-fusion.com\/wp-content\/uploads\/2017\/12\/launch_thumbnail.jpg","previewImageRetina":"https:\/\/updates.theme-fusion.com\/wp-content\/uploads\/2017\/12\/launch_thumbnail.jpg","primaryColor":"#e23d31","secondaryColor":"#ad9c89","tertiaryColor":"#ffffff","zipFile":"https:\/\/updates.theme-fusion.com\/?avada_demo=launch"},"university":{"tags":{"education":"Education","events":"Events"},"minVersion":"5.3","shop":false,"features":["page","post","avada_portfolio","fusion_form","avada_layout","fusion_icons"],"plugin_dependencies":{"woocommerce":false,"the-events-calendar":true,"contact-form-7":false,"bbpress":false,"LayerSlider":false,"revslider":false,"acf":false,"convertplug":false,"leadin":false},"new":false,"sidebars":{"Courses-1":"Courses-1","Courses-2":"Courses-2","Courses-3":"Courses-3","Events-1":"Events-1","Events-2":"Events-2","Events-3":"Events-3","Events-4":"Events-4"},"homeTitle":"University Home","previewImage":"https:\/\/updates.theme-fusion.com\/wp-content\/uploads\/2017\/11\/university_thumbnail.jpg","previewImageRetina":"https:\/\/updates.theme-fusion.com\/wp-content\/uploads\/2017\/11\/university_thumbnail.jpg","primaryColor":"#f09a3e","secondaryColor":"#00bcd4","tertiaryColor":"#333333","zipFile":"https:\/\/updates.theme-fusion.com\/?avada_demo=university"},"finance":{"tags":{"corporate":"Corporate"},"minVersion":"5.3","shop":false,"features":["page","post","fusion_form","avada_layout","fusion_icons"],"plugin_dependencies":{"woocommerce":false,"the-events-calendar":false,"contact-form-7":false,"bbpress":false,"LayerSlider":false,"revslider":false,"acf":false,"convertplug":false,"leadin":false},"new":false,"homeTitle":"Finance Home","previewImage":"https:\/\/updates.theme-fusion.com\/wp-content\/uploads\/2017\/11\/finance_thumbnail.jpg","previewImageRetina":"https:\/\/updates.theme-fusion.com\/wp-content\/uploads\/2017\/11\/finance_thumbnail.jpg","primaryColor":"#213d65","secondaryColor":"#1cd6c3","tertiaryColor":"#000000","zipFile":"https:\/\/updates.theme-fusion.com\/?avada_demo=finance"},"information_technology":{"tags":{"corporate":"Corporate"},"minVersion":"5.3","shop":false,"features":["page","post","fusion_form","avada_layout","fusion_icons"],"plugin_dependencies":{"woocommerce":false,"the-events-calendar":false,"contact-form-7":false,"bbpress":false,"LayerSlider":false,"revslider":true,"acf":false,"convertplug":false,"leadin":false},"new":false,"homeTitle":"Information Technology Home","previewImage":"https:\/\/updates.theme-fusion.com\/wp-content\/uploads\/2017\/11\/information_technology_thumbnail.jpg","previewImageRetina":"https:\/\/updates.theme-fusion.com\/wp-content\/uploads\/2017\/11\/information_technology_thumbnail.jpg","primaryColor":"#6239bd","secondaryColor":"#74c5da","tertiaryColor":"#9aa2ac","zipFile":"https:\/\/updates.theme-fusion.com\/?avada_demo=information_technology","revSliders":["about.zip","contact.zip","home.zip","insight.zip","solutions.zip"]},"freelancer":{"tags":{"creative":"Creative","blog-magazine":"Blog \/ Magazine","portfolio":"Portfolio"},"minVersion":"5.3","shop":false,"features":["post","page","avada_portfolio","fusion_form","avada_layout","fusion_icons"],"plugin_dependencies":{"woocommerce":false,"the-events-calendar":false,"contact-form-7":false,"bbpress":false,"LayerSlider":false,"revslider":false,"acf":false,"convertplug":false,"leadin":false},"new":false,"sidebars":{"Recent Work":"Recent Work","Twitter":"Twitter"},"homeTitle":"Freelancer Home","previewImage":"https:\/\/updates.theme-fusion.com\/wp-content\/uploads\/2017\/11\/freelancer_thumbnail.jpg","previewImageRetina":"https:\/\/updates.theme-fusion.com\/wp-content\/uploads\/2017\/11\/freelancer_thumbnail.jpg","primaryColor":"#ffffff","secondaryColor":"#7a89ab","tertiaryColor":"#f9225b","zipFile":"https:\/\/updates.theme-fusion.com\/?avada_demo=freelancer"},"dentist":{"tags":{"health-beauty":"Health &amp; Beauty","corporate":"Corporate"},"minVersion":"5.3","shop":false,"features":["post","page","avada_faq","fusion_form","avada_layout","fusion_icons"],"plugin_dependencies":{"woocommerce":false,"the-events-calendar":false,"contact-form-7":false,"bbpress":false,"LayerSlider":false,"revslider":false,"acf":false,"convertplug":false,"leadin":false},"new":false,"homeTitle":"Dentist Home","previewImage":"https:\/\/updates.theme-fusion.com\/wp-content\/uploads\/2017\/11\/dentist_thumbnail.jpg","previewImageRetina":"https:\/\/updates.theme-fusion.com\/wp-content\/uploads\/2017\/11\/dentist_thumbnail.jpg","primaryColor":"#4fc3a3","secondaryColor":"#6487c2","tertiaryColor":"#86939e","zipFile":"https:\/\/updates.theme-fusion.com\/?avada_demo=dentist"},"science":{"tags":{"education":"Education"},"minVersion":"5.2","shop":false,"features":["post","page","fusion_form","avada_layout","fusion_icons"],"plugin_dependencies":{"woocommerce":false,"the-events-calendar":false,"contact-form-7":false,"bbpress":false,"LayerSlider":false,"revslider":false,"acf":false,"convertplug":false,"leadin":false},"new":false,"homeTitle":"Science Home","previewImage":"https:\/\/updates.theme-fusion.com\/wp-content\/uploads\/2017\/07\/science_thumbnail.jpg","previewImageRetina":"https:\/\/updates.theme-fusion.com\/wp-content\/uploads\/2017\/07\/science_thumbnail.jpg","primaryColor":"#25afb4","secondaryColor":"#4c5166","tertiaryColor":"#000000","zipFile":"https:\/\/updates.theme-fusion.com\/?avada_demo=science"},"photography_light":{"tags":{"portfolio":"Portfolio","creative":"Creative"},"minVersion":"5.2","shop":false,"features":["post","page","avada_portfolio","fusion_form","avada_layout","fusion_icons"],"plugin_dependencies":{"woocommerce":false,"the-events-calendar":false,"contact-form-7":false,"bbpress":false,"LayerSlider":false,"revslider":false,"acf":false,"convertplug":false,"leadin":false},"new":false,"homeTitle":"Photography Light Home","previewImage":"https:\/\/updates.theme-fusion.com\/wp-content\/uploads\/2017\/07\/photolight_thumbnail.jpg","previewImageRetina":"https:\/\/updates.theme-fusion.com\/wp-content\/uploads\/2017\/07\/photolight_thumbnail.jpg","primaryColor":"#867dab","secondaryColor":"#e6b0c4","tertiaryColor":"#7e8890","zipFile":"https:\/\/updates.theme-fusion.com\/?avada_demo=photography_light"},"music":{"tags":{"portfolio":"Portfolio","creative":"Creative"},"minVersion":"5.2","shop":false,"features":["post","page","fusion_form","fusion_icons","avada_layout"],"plugin_dependencies":{"woocommerce":false,"the-events-calendar":false,"contact-form-7":false,"bbpress":false,"LayerSlider":false,"revslider":false,"acf":false,"convertplug":false,"leadin":false},"new":false,"sidebars":{"Twitter":"Twitter","Post":"Post"},"homeTitle":"Music Home","previewImage":"https:\/\/updates.theme-fusion.com\/wp-content\/uploads\/2017\/07\/music_thumbnail.jpg","previewImageRetina":"https:\/\/updates.theme-fusion.com\/wp-content\/uploads\/2017\/07\/music_thumbnail.jpg","primaryColor":"#ec4858","secondaryColor":"#7d7b8d","tertiaryColor":"#000000","zipFile":"https:\/\/updates.theme-fusion.com\/?avada_demo=music"},"creative":{"tags":{"creative":"Creative","corporate":"Corporate"},"minVersion":"5.1.0","shop":false,"features":["page","post","avada_portfolio","fusion_form","avada_layout","fusion_icons"],"plugin_dependencies":{"woocommerce":false,"the-events-calendar":false,"contact-form-7":false,"bbpress":false,"LayerSlider":false,"revslider":true,"acf":false,"convertplug":false,"leadin":false},"new":false,"homeTitle":"CREATIVE HOME","previewImage":"https:\/\/updates.theme-fusion.com\/wp-content\/uploads\/2017\/03\/creative_thumbnail.jpg","previewImageRetina":"https:\/\/updates.theme-fusion.com\/wp-content\/uploads\/2017\/03\/creative_thumbnail.jpg","primaryColor":"#2176ff","secondaryColor":"#ffffff","tertiaryColor":"#000000","zipFile":"https:\/\/updates.theme-fusion.com\/?avada_demo=creative","revSliders":["post-slider-1-1.zip"]},"construction":{"tags":{"corporate":"Corporate"},"minVersion":"5.1.0","shop":false,"features":["post","page","avada_portfolio","fusion_form","fusion_icons","avada_layout"],"plugin_dependencies":{"woocommerce":false,"the-events-calendar":false,"contact-form-7":false,"bbpress":false,"LayerSlider":false,"revslider":false,"acf":false,"convertplug":false,"leadin":false},"new":false,"homeTitle":"Construction Home","previewImage":"https:\/\/updates.theme-fusion.com\/wp-content\/uploads\/2017\/03\/construction_thumbnail.jpg","previewImageRetina":"https:\/\/updates.theme-fusion.com\/wp-content\/uploads\/2017\/03\/construction_thumbnail.jpg","primaryColor":"#fed03d","secondaryColor":"#333333","tertiaryColor":"#ffffff","zipFile":"https:\/\/updates.theme-fusion.com\/?avada_demo=construction"},"charity":{"tags":{"education":"Education"},"minVersion":"5.1.0","shop":false,"features":["post","page","avada_portfolio","fusion_form","avada_layout","fusion_icons"],"plugin_dependencies":{"woocommerce":false,"the-events-calendar":false,"contact-form-7":false,"bbpress":false,"LayerSlider":false,"revslider":false,"acf":false,"convertplug":false,"leadin":false},"new":false,"homeTitle":"Charity Home","previewImage":"https:\/\/updates.theme-fusion.com\/wp-content\/uploads\/2017\/03\/charity_thumbnail.jpg","previewImageRetina":"https:\/\/updates.theme-fusion.com\/wp-content\/uploads\/2017\/03\/charity_thumbnail.jpg","primaryColor":"#fec96b","secondaryColor":"#ed6967","tertiaryColor":"#ffffff","zipFile":"https:\/\/updates.theme-fusion.com\/?avada_demo=charity"},"daycare":{"tags":{"education":"Education"},"minVersion":"5.1.0","shop":false,"features":["post","page","fusion_form","avada_layout","fusion_icons"],"plugin_dependencies":{"woocommerce":false,"the-events-calendar":false,"contact-form-7":false,"bbpress":false,"LayerSlider":false,"revslider":false,"acf":false,"convertplug":false,"leadin":false},"new":false,"homeTitle":"Daycare Home","previewImage":"https:\/\/updates.theme-fusion.com\/wp-content\/uploads\/2017\/03\/daycare_thumbnail.jpg","previewImageRetina":"https:\/\/updates.theme-fusion.com\/wp-content\/uploads\/2017\/03\/daycare_thumbnail.jpg","primaryColor":"#3661b0","secondaryColor":"#fb6667","tertiaryColor":"#ffd263","zipFile":"https:\/\/updates.theme-fusion.com\/?avada_demo=daycare"},"veterinarian":{"tags":{"health-beauty":"Health &amp; Beauty"},"minVersion":"5.1.0","shop":false,"features":["post","page","avada_portfolio","avada_faq","fusion_form","fusion_icons","avada_layout"],"plugin_dependencies":{"woocommerce":false,"the-events-calendar":false,"contact-form-7":false,"bbpress":false,"LayerSlider":false,"revslider":false,"acf":false,"convertplug":false,"leadin":false},"new":false,"homeTitle":"Veterinarian Home","previewImage":"https:\/\/updates.theme-fusion.com\/wp-content\/uploads\/2017\/03\/vet_thumbnail.jpg","previewImageRetina":"https:\/\/updates.theme-fusion.com\/wp-content\/uploads\/2017\/03\/vet_thumbnail.jpg","primaryColor":"#3ec492","secondaryColor":"#3d434c","tertiaryColor":"#ffffff","zipFile":"https:\/\/updates.theme-fusion.com\/?avada_demo=veterinarian"},"technology":{"tags":{"education":"Education","one-page":"One Page"},"minVersion":"5.0.0","shop":false,"features":["post","page","fusion_form","avada_layout","fusion_icons"],"plugin_dependencies":{"woocommerce":false,"the-events-calendar":false,"contact-form-7":false,"bbpress":false,"LayerSlider":true,"revslider":false,"acf":false,"convertplug":false,"leadin":false},"new":false,"homeTitle":"Technology Home","previewImage":"https:\/\/updates.theme-fusion.com\/wp-content\/uploads\/2016\/09\/technology_thumbnail-1.jpg","previewImageRetina":"https:\/\/updates.theme-fusion.com\/wp-content\/uploads\/2016\/09\/technology_thumbnail-1.jpg","primaryColor":"#619e85","secondaryColor":"#ffffff","tertiaryColor":"#e5e5e5","zipFile":"https:\/\/updates.theme-fusion.com\/?avada_demo=technology","layerSliders":["LayerSlider_Export_2019-10-04_at_16.16.42.zip","LayerSlider_Export_2019-10-04_at_16.16.51.zip"]},"health":{"tags":{"health-beauty":"Health &amp; Beauty","corporate":"Corporate"},"minVersion":"5.0.0","shop":false,"features":["post","page","avada_portfolio","fusion_form","avada_layout","fusion_icons"],"plugin_dependencies":{"woocommerce":false,"the-events-calendar":false,"contact-form-7":false,"bbpress":false,"LayerSlider":false,"revslider":false,"acf":false,"convertplug":false,"leadin":false},"new":false,"homeTitle":"Health Home","previewImage":"https:\/\/updates.theme-fusion.com\/wp-content\/uploads\/2016\/09\/health_thumbnail.jpg","previewImageRetina":"https:\/\/updates.theme-fusion.com\/wp-content\/uploads\/2016\/09\/medical_thumbnail.jpg","primaryColor":"#3bafbf","secondaryColor":"#ffffff","tertiaryColor":"#000000","zipFile":"https:\/\/updates.theme-fusion.com\/?avada_demo=health"},"wedding":{"tags":{"events":"Events","one-page":"One Page"},"minVersion":"5.0.0","shop":false,"features":["post","page","fusion_form","avada_layout","fusion_icons"],"plugin_dependencies":{"woocommerce":false,"the-events-calendar":false,"contact-form-7":false,"bbpress":false,"LayerSlider":false,"revslider":false,"acf":false,"convertplug":false,"leadin":false},"new":false,"homeTitle":"Wedding Home","previewImage":"https:\/\/updates.theme-fusion.com\/wp-content\/uploads\/2016\/09\/wedding_thumbnail-1.jpg","previewImageRetina":"https:\/\/updates.theme-fusion.com\/wp-content\/uploads\/2016\/09\/wedding_thumbnail-1.jpg","primaryColor":"#90a8ad","secondaryColor":"#b9675e","tertiaryColor":"#ffffff","zipFile":"https:\/\/updates.theme-fusion.com\/?avada_demo=wedding"},"resume":{"tags":{"one-page":"One Page","portfolio":"Portfolio","creative":"Creative"},"minVersion":"5.0.0","shop":false,"features":["page","avada_portfolio","fusion_form","avada_layout","fusion_icons"],"plugin_dependencies":{"woocommerce":false,"the-events-calendar":false,"contact-form-7":false,"bbpress":false,"LayerSlider":false,"revslider":false,"acf":false,"convertplug":false,"leadin":false},"new":false,"homeTitle":"Resume Home","previewImage":"https:\/\/updates.theme-fusion.com\/wp-content\/uploads\/2016\/09\/resume_thumbnail-1.jpg","previewImageRetina":"https:\/\/updates.theme-fusion.com\/wp-content\/uploads\/2016\/09\/resume_thumbnail-1.jpg","primaryColor":"#f4ad24","secondaryColor":"#7e8890","tertiaryColor":"#000000","zipFile":"https:\/\/updates.theme-fusion.com\/?avada_demo=resume"},"photography":{"tags":{"portfolio":"Portfolio","creative":"Creative"},"minVersion":"5.0.0","shop":false,"features":["post","page","avada_portfolio","fusion_form","avada_layout","fusion_icons"],"plugin_dependencies":{"woocommerce":false,"the-events-calendar":false,"contact-form-7":false,"bbpress":false,"LayerSlider":false,"revslider":false,"acf":false,"convertplug":false,"leadin":false},"new":false,"homeTitle":"Photography Home","previewImage":"https:\/\/updates.theme-fusion.com\/wp-content\/uploads\/2016\/08\/photography_thumbnail.jpg","previewImageRetina":"https:\/\/updates.theme-fusion.com\/wp-content\/uploads\/2016\/08\/photography_thumbnail.jpg","primaryColor":"#777777","secondaryColor":"#747474","tertiaryColor":"#ffffff","zipFile":"https:\/\/updates.theme-fusion.com\/?avada_demo=photography"},"gym":{"tags":{"sports":"Sports","health-beauty":"Health &amp; Beauty"},"minVersion":"5.0.0","shop":false,"features":["post","page","avada_portfolio","fusion_form","avada_layout","fusion_icons"],"plugin_dependencies":{"woocommerce":false,"the-events-calendar":false,"contact-form-7":false,"bbpress":false,"LayerSlider":false,"revslider":false,"acf":false,"convertplug":false,"leadin":false},"new":false,"homeTitle":"Gym Home","previewImage":"https:\/\/updates.theme-fusion.com\/wp-content\/uploads\/2016\/08\/gym_thumbnail.jpg","previewImageRetina":"https:\/\/updates.theme-fusion.com\/wp-content\/uploads\/2016\/08\/gym_thumbnail.jpg","primaryColor":"#ee6059","secondaryColor":"#000000","tertiaryColor":"#ffffff","zipFile":"https:\/\/updates.theme-fusion.com\/?avada_demo=gym"},"modern_shop":{"tags":{"corporate":"Corporate","shop":"Shop"},"minVersion":"5.0.0","shop":true,"features":["post","page","fusion_form","avada_layout","fusion_icons"],"plugin_dependencies":{"woocommerce":true,"the-events-calendar":false,"contact-form-7":false,"bbpress":false,"LayerSlider":false,"revslider":false,"acf":false,"convertplug":false,"leadin":false},"new":false,"sidebars":{"Shop":"Shop"},"homeTitle":"Modern Shop Home","woopages":{"woocommerce_shop_page_id":"Full Shop With Sidebar","woocommerce_cart_page_id":"Cart","woocommerce_checkout_page_id":"Checkout","woocommerce_pay_page_id":"Checkout \u2192 Pay","woocommerce_thanks_page_id":"Order Received","woocommerce_myaccount_page_id":"My Account","woocommerce_edit_address_page_id":"Edit My Address","woocommerce_view_order_page_id":"View Order","woocommerce_change_password_page_id":"Change Password","woocommerce_logout_page_id":"Logout","woocommerce_lost_password_page_id":"Lost Password"},"previewImage":"https:\/\/updates.theme-fusion.com\/wp-content\/uploads\/2016\/08\/modern_shop_thumbnail.jpg","previewImageRetina":"https:\/\/updates.theme-fusion.com\/wp-content\/uploads\/2016\/08\/modern_shop_thumbnail.jpg","primaryColor":"#78bca1","secondaryColor":"#747474","tertiaryColor":"#ffffff","zipFile":"https:\/\/updates.theme-fusion.com\/?avada_demo=modern_shop"},"classic_shop":{"tags":{"corporate":"Corporate","shop":"Shop"},"minVersion":"5.0.0","shop":true,"features":["post","page","fusion_form","avada_layout","fusion_icons"],"plugin_dependencies":{"woocommerce":true,"the-events-calendar":false,"contact-form-7":false,"bbpress":false,"LayerSlider":false,"revslider":true,"acf":false,"convertplug":false,"leadin":false},"new":false,"sidebars":{"Men":"Men","Women":"Women","Accessories":"Accessories","ProductsSidebar":"Products Sidebar","ContentWidget1":"Content Widget 1","ContentWidget2":"Content Widget 2","ContentWidget3":"Content Widget 3","ContentWidget4":"Content Widget 4","Promotion":"Promotion"},"homeTitle":"Classic Shop Home 1","woopages":{"woocommerce_shop_page_id":"Shop Full Width","woocommerce_cart_page_id":"Shopping Cart","woocommerce_checkout_page_id":"Checkout","woocommerce_pay_page_id":"Checkout \u2192 Pay","woocommerce_thanks_page_id":"Order Received","woocommerce_myaccount_page_id":"My Account","woocommerce_edit_address_page_id":"Edit My Address","woocommerce_view_order_page_id":"View Order","woocommerce_change_password_page_id":"Change Password","woocommerce_logout_page_id":"Logout","woocommerce_lost_password_page_id":"Lost Password"},"woo_product_attributes":[{"name":"Color","slug":"pa_color","type":"avada_color","order_by":"menu_order","has_archives":"0"},{"name":"Size","slug":"pa_size","type":"avada_button","order_by":"menu_order","has_archives":"0"}],"previewImage":"https:\/\/updates.theme-fusion.com\/wp-content\/uploads\/2016\/08\/classic_shop_thumbnail.jpg","previewImageRetina":"https:\/\/updates.theme-fusion.com\/wp-content\/uploads\/2016\/08\/classic_shop_thumbnail.jpg","primaryColor":"#427ed1","secondaryColor":"#ffffff","tertiaryColor":"#000000","zipFile":"https:\/\/updates.theme-fusion.com\/?avada_demo=classic_shop","revSliders":["home3-rs-4.zip"]},"landing_product":{"tags":{"one-page":"One Page","shop":"Shop"},"minVersion":"5.0.0","shop":true,"features":["page","fusion_icons","avada_layout"],"plugin_dependencies":{"woocommerce":true,"the-events-calendar":false,"contact-form-7":false,"bbpress":false,"LayerSlider":false,"revslider":true,"acf":false,"convertplug":false,"leadin":false},"new":false,"homeTitle":"Landing Product Home","woopages":{"woocommerce_shop_page_id":"Shop","woocommerce_cart_page_id":"Cart","woocommerce_checkout_page_id":"Checkout","woocommerce_pay_page_id":"Checkout \u2192 Pay","woocommerce_thanks_page_id":"Order Received","woocommerce_myaccount_page_id":"My Account","woocommerce_edit_address_page_id":"Edit My Address","woocommerce_view_order_page_id":"View Order","woocommerce_change_password_page_id":"Change Password","woocommerce_logout_page_id":"Logout","woocommerce_lost_password_page_id":"Lost Password"},"previewImage":"https:\/\/updates.theme-fusion.com\/wp-content\/uploads\/2016\/08\/landing_product_thumbnail.jpg","previewImageRetina":"https:\/\/updates.theme-fusion.com\/wp-content\/uploads\/2016\/08\/landing_product_thumbnail.jpg","primaryColor":"#35baf2","secondaryColor":"#72849c","tertiaryColor":"#ffffff","zipFile":"https:\/\/updates.theme-fusion.com\/?avada_demo=landing_product","revSliders":["one-page-lp-3.zip"]},"forum":{"tags":{"bbpress":"bbPress","education":"Education"},"minVersion":"5.0.0","shop":false,"features":["post","page","fusion_form","avada_layout","fusion_icons"],"plugin_dependencies":{"woocommerce":false,"the-events-calendar":false,"contact-form-7":false,"bbpress":true,"LayerSlider":false,"revslider":false,"acf":false,"convertplug":false,"leadin":false},"new":false,"sidebars":{"NewsSidebar":"News Sidebar","ForumSidebar":"Forum Sidebar","AppleSidebar":"Apple Sidebar","AndroidSidebar":"Android Sidebar","MicrosoftSidebar":"Microsoft Sidebar"},"homeTitle":"Forum Home","previewImage":"https:\/\/updates.theme-fusion.com\/wp-content\/uploads\/2016\/08\/forum_thumbnail.jpg","previewImageRetina":"https:\/\/updates.theme-fusion.com\/wp-content\/uploads\/2016\/08\/forum_thumbnail.jpg","primaryColor":"#25a9bd","secondaryColor":"#ff8d61","tertiaryColor":"#000000","zipFile":"https:\/\/updates.theme-fusion.com\/?avada_demo=forum"},"church":{"tags":{"education":"Education","events":"Events"},"minVersion":"5.0.0","shop":false,"features":["post","page","avada_portfolio","fusion_form","fusion_icons","avada_layout"],"plugin_dependencies":{"woocommerce":false,"the-events-calendar":true,"contact-form-7":false,"bbpress":false,"LayerSlider":false,"revslider":false,"acf":false,"convertplug":false,"leadin":false},"new":false,"sidebars":{"PageSidebar":"Page Sidebar"},"homeTitle":"Church Home","previewImage":"https:\/\/updates.theme-fusion.com\/wp-content\/uploads\/2016\/08\/church_thumbnail.jpg","previewImageRetina":"https:\/\/updates.theme-fusion.com\/wp-content\/uploads\/2016\/08\/church_thumbnail.jpg","primaryColor":"#3f7ccd","secondaryColor":"#ffffff","tertiaryColor":"#000000","zipFile":"https:\/\/updates.theme-fusion.com\/?avada_demo=church"},"cafe":{"tags":{"food":"Food"},"minVersion":"5.0.0","shop":false,"features":["post","page","fusion_form","avada_layout","fusion_icons"],"plugin_dependencies":{"woocommerce":false,"the-events-calendar":false,"contact-form-7":false,"bbpress":false,"LayerSlider":false,"revslider":false,"acf":false,"convertplug":false,"leadin":false},"new":false,"homeTitle":"Cafe Home","previewImage":"https:\/\/updates.theme-fusion.com\/wp-content\/uploads\/2016\/08\/cafe_thumbnail.jpg","previewImageRetina":"https:\/\/updates.theme-fusion.com\/wp-content\/uploads\/2016\/08\/cafe_thumbnail.jpg","primaryColor":"#c0996b","secondaryColor":"#747474","tertiaryColor":"#ffffff","zipFile":"https:\/\/updates.theme-fusion.com\/?avada_demo=cafe"},"travel":{"tags":{"travel":"Travel"},"minVersion":"5.0.0","shop":false,"features":["post","page","avada_portfolio","fusion_form","avada_layout","fusion_icons"],"plugin_dependencies":{"woocommerce":false,"the-events-calendar":false,"contact-form-7":false,"bbpress":false,"LayerSlider":false,"revslider":false,"acf":false,"convertplug":false,"leadin":false},"new":false,"homeTitle":"Travel Home","previewImage":"https:\/\/updates.theme-fusion.com\/wp-content\/uploads\/2016\/08\/travel_thumbnail.jpg","previewImageRetina":"https:\/\/updates.theme-fusion.com\/wp-content\/uploads\/2016\/08\/travel_thumbnail.jpg","primaryColor":"#6666a4","secondaryColor":"#ffffff","tertiaryColor":"#000000","zipFile":"https:\/\/updates.theme-fusion.com\/?avada_demo=travel"},"hotel":{"tags":{"corporate":"Corporate","travel":"Travel"},"minVersion":"5.0.0","shop":false,"features":["post","page","avada_portfolio","fusion_form","avada_layout","fusion_icons"],"plugin_dependencies":{"woocommerce":false,"the-events-calendar":false,"contact-form-7":false,"bbpress":false,"LayerSlider":false,"revslider":false,"acf":false,"convertplug":false,"leadin":false},"new":false,"homeTitle":"Hotel Home","previewImage":"https:\/\/updates.theme-fusion.com\/wp-content\/uploads\/2016\/08\/hotel_thumbnail.jpg","previewImageRetina":"https:\/\/updates.theme-fusion.com\/wp-content\/uploads\/2016\/08\/hotel_thumbnail.jpg","primaryColor":"#cbaa5c","secondaryColor":"#ffffff","tertiaryColor":"#000000","zipFile":"https:\/\/updates.theme-fusion.com\/?avada_demo=hotel"},"architecture":{"tags":{"corporate":"Corporate"},"minVersion":"5.0.0","shop":false,"features":["post","page","avada_portfolio","fusion_form","fusion_icons","avada_layout"],"plugin_dependencies":{"woocommerce":false,"the-events-calendar":false,"contact-form-7":false,"bbpress":false,"LayerSlider":false,"revslider":false,"acf":false,"convertplug":false,"leadin":false},"new":false,"homeTitle":"Architecture Home","previewImage":"https:\/\/updates.theme-fusion.com\/wp-content\/uploads\/2016\/08\/architecture-1.jpg","previewImageRetina":"https:\/\/updates.theme-fusion.com\/wp-content\/uploads\/2016\/08\/arch_thumbnail.jpg","primaryColor":"#2ba0a3","secondaryColor":"#868a92","tertiaryColor":"#24272d","zipFile":"https:\/\/updates.theme-fusion.com\/?avada_demo=architecture"},"hosting":{"tags":{"corporate":"Corporate","creative":"Creative"},"minVersion":"5.0.0","shop":false,"features":["post","page","fusion_form","avada_layout","fusion_icons"],"plugin_dependencies":{"woocommerce":false,"the-events-calendar":false,"contact-form-7":false,"bbpress":false,"LayerSlider":false,"revslider":false,"acf":false,"convertplug":false,"leadin":false},"new":false,"homeTitle":"Hosting Home","previewImage":"https:\/\/updates.theme-fusion.com\/wp-content\/uploads\/2016\/08\/hosting_thumbnail.jpg","previewImageRetina":"https:\/\/updates.theme-fusion.com\/wp-content\/uploads\/2016\/08\/hosting_thumbnail.jpg","primaryColor":"#f1574d","secondaryColor":"#3d4c68","tertiaryColor":"#a7c9e7","zipFile":"https:\/\/updates.theme-fusion.com\/?avada_demo=hosting"},"law":{"tags":{"corporate":"Corporate"},"minVersion":"5.0.0","shop":false,"features":["post","page","fusion_form","avada_layout","fusion_icons"],"plugin_dependencies":{"woocommerce":false,"the-events-calendar":false,"contact-form-7":false,"bbpress":false,"LayerSlider":false,"revslider":false,"acf":false,"convertplug":false,"leadin":false},"new":false,"homeTitle":"Law Home","previewImage":"https:\/\/updates.theme-fusion.com\/wp-content\/uploads\/2016\/08\/law_thumbnail.jpg","previewImageRetina":"https:\/\/updates.theme-fusion.com\/wp-content\/uploads\/2016\/08\/law_thumbnail.jpg","primaryColor":"#549f97","secondaryColor":"#3b4251","tertiaryColor":"#000000","zipFile":"https:\/\/updates.theme-fusion.com\/?avada_demo=law"},"fashion":{"tags":{"creative":"Creative","health-beauty":"Health &amp; Beauty"},"minVersion":"5.0.0","shop":false,"features":["post","page","avada_portfolio","fusion_form","avada_layout","fusion_icons"],"plugin_dependencies":{"woocommerce":false,"the-events-calendar":false,"contact-form-7":false,"bbpress":false,"LayerSlider":false,"revslider":false,"acf":false,"convertplug":false,"leadin":false},"new":false,"homeTitle":"Home","previewImage":"https:\/\/updates.theme-fusion.com\/wp-content\/uploads\/2016\/08\/fashion_thumbnail.jpg","previewImageRetina":"https:\/\/updates.theme-fusion.com\/wp-content\/uploads\/2016\/08\/fashion_thumbnail.jpg","primaryColor":"#4ca9b4","secondaryColor":"#ffffff","tertiaryColor":"#000000","zipFile":"https:\/\/updates.theme-fusion.com\/?avada_demo=fashion"},"lifestyle":{"tags":{"health-beauty":"Health &amp; Beauty","creative":"Creative"},"minVersion":"5.0.0","shop":false,"features":["page","avada_portfolio","post","fusion_form","avada_layout","fusion_icons"],"plugin_dependencies":{"woocommerce":false,"the-events-calendar":false,"contact-form-7":false,"bbpress":false,"LayerSlider":false,"revslider":false,"acf":false,"convertplug":false,"leadin":false},"new":false,"homeTitle":"Lifestyle Home","previewImage":"https:\/\/updates.theme-fusion.com\/wp-content\/uploads\/2016\/08\/lifestyle_thumbnail.jpg","previewImageRetina":"https:\/\/updates.theme-fusion.com\/wp-content\/uploads\/2016\/08\/lifestyle_thumbnail.jpg","primaryColor":"#f05858","secondaryColor":"#595f6b","tertiaryColor":"#eae9e9","zipFile":"https:\/\/updates.theme-fusion.com\/?avada_demo=lifestyle"},"app":{"tags":{"one-page":"One Page"},"minVersion":"5.0.0","shop":false,"features":["page","fusion_form","avada_layout","fusion_icons"],"plugin_dependencies":{"woocommerce":false,"the-events-calendar":false,"contact-form-7":false,"bbpress":false,"LayerSlider":false,"revslider":false,"acf":false,"convertplug":false,"leadin":false},"new":false,"homeTitle":"App Home","previewImage":"https:\/\/updates.theme-fusion.com\/wp-content\/uploads\/2016\/08\/app_thumbnail.jpg","previewImageRetina":"https:\/\/updates.theme-fusion.com\/wp-content\/uploads\/2016\/08\/app_thumbnail.jpg","zipFile":"https:\/\/updates.theme-fusion.com\/?avada_demo=app"},"agency":{"tags":{"corporate":"Corporate","portfolio":"Portfolio"},"minVersion":"5.0.0","shop":false,"features":["post","page","avada_portfolio","fusion_form","avada_layout","fusion_icons"],"plugin_dependencies":{"woocommerce":false,"the-events-calendar":false,"contact-form-7":false,"bbpress":false,"LayerSlider":false,"revslider":false,"acf":false,"convertplug":false,"leadin":false},"new":false,"homeTitle":"Agency Home","previewImage":"https:\/\/updates.theme-fusion.com\/wp-content\/uploads\/2016\/08\/agency_thumbnail.jpg","previewImageRetina":"https:\/\/updates.theme-fusion.com\/wp-content\/uploads\/2016\/08\/agency_thumbnail.jpg","previewImageDetailed":"https:\/\/updates.theme-fusion.com\/wp-content\/uploads\/2016\/08\/agency.jpg","primaryColor":"#6796bf","secondaryColor":"#ffffff","tertiaryColor":"#000000","zipFile":"https:\/\/updates.theme-fusion.com\/?avada_demo=agency"}}